Symbol, Name, Asset Class, Assets
AAA, AAF First Priority CLO Bond ETF	Fixed Income	7.30M
AAAU,Goldman Sachs Physical Gold ETF	Commodity	420.91M
AADR,AdvisorShares Dorsey Wright ADR ETF	Equity	39.31M
AAPB,GraniteShares 1.75x Long AAPL Daily ETF	Equity	588.00K
AAPD,Direxion Daily AAPL Bear 1X Shares	Equity	10.71M
AAPU,Direxion Daily AAPL Bull 1.5X Shares	Equity	6.16M
AAXJ,iShares MSCI All Country Asia ex Japan ETF	Equity	2.82B
ABEQ,Absolute Core Strategy ETF	Equity	85.68M
ACES,ALPS Clean Energy ETF	Equity	691.90M
ACIO,Aptus Collared Income Opportunity ETF	Equity	538.45M
ACSI,American Customer Satisfaction Core Alpha ETF	Equity	70.32M
ACTV,LeaderShares Activist Leaders ETF	Equity	89.11M
ACVF,American Conservative Values ETF	Equity	34.61M
ACWF,iShares Edge MSCI Multifactor Global ETF	Equity	121.91M
ACWI,iShares MSCI ACWI ETF	Equity	16.89B
ACWV,iShares Edge MSCI Min Vol Global ETF	Equity	4.67B
ACWX,iShares MSCI ACWI ex U.S. ETF	Equity	4.03B
ADFI,Anfield Dynamic Fixed Income ETF	Fixed Income	16.21M
ADIV,SmartETFs Asia Pacific Dividend Builder ETF	Equity	3.46M
ADME,APTUS Drawdown Managed Equity ETF	Equity	346.08M
ADPV,Adaptiv Select ETF	Equity	10.28M
ADRE,Invesco BLDRS Emerging Markets 50 ADR Index Fund	Equity	132.66M
AEMB,American Century Emerging Markets Bond ETF	Fixed Income	26.63M
AESR,Anfield Equity Sector Rotation ETF	Equity	131.43M
AFIF,Anfield Universal Fixed Income ETF	Fixed Income	121.65M
AFK	, VanEck Vectors Africa Index ETF	Equity	49.08M
AFLG,First Trust Active Factor Large Cap ETF	Equity	4.93M
AFMC,First Trust Active Factor Mid Cap ETF	Equity	1.18M
AFSM,First Trust Active Factor Small Cap ETF	Equity	3.64M
AFTY,CSOP FTSE China A50 ETF	Equity	5.61M
AGG	, iShares Core U.S. Aggregate Bond ETF	Fixed Income	80.05B
AGGH,Simplify Aggregate Bond PLUS Credit Hedge ETF	Fixed Income	2.97M
AGGY,WisdomTree Barclays Yield Enhanced U.S. Aggregate Bond Fund	Fixed Income	840.18M
AGIH,iShares Inflation Hedged U.S. Aggregate Bond ETF	Fixed Income	2.47M
AGNG,Global X Aging Population ETF	Equity	42.49M
AGOV,Gavekal Asian Government Bond ETF	Fixed Income	49.43M
AGOX,Adaptive Growth Opportunities ETF	Asset Allocation	167.02M
AGQ	, ProShares Ultra Silver	Commodity	451.75M
AGRH,iShares Interest Rate Hedged U.S. Aggregate Bond ETF	Fixed Income	2.54M
AGZ	, iShares Agency Bond ETF	Fixed Income	584.94M
AGZD,WisdomTree Barclays Interest Rate Hedged U.S. Aggregate Bond Fund	Fixed Income	333.86M
AHHX,Adaptive High Income ETF	Asset Allocation	35.57M
AHOY,Newday Ocean Health ETF	Equity	1.60M
AHYB,American Century Select High Yield ETF	Fixed Income	28.41M
AIA	, iShares Asia 50 ETF	Equity	1.36B
AIEQ,AI Powered Equity ETF	Equity	106.36M
AILG,Alpha Intelligent - Large Cap Growth ETF	Equity	1.63M
AILV,Alpha Intelligent - Large Cap Value ETF	Equity	497.10K
AIQ	, Global X Future Analytics Tech ETF	Equity	142.88M
AIRR,First Trust RBA American Industrial Renaissance ETF	Equity	208.35M
AIVI,WisdomTree International AI Enhanced Value Fund	Equity	81.29M
AIVL,WisdomTree U.S. AI Enhanced Value Fund	Equity	441.22M
ALTL,Pacer Lunt Large Cap Alternator ETF	Equity	877.94M
ALTY,Global X SuperDividend Alternatives ETF	Alternatives	37.67M
AMAX,RH Hedged Multi-Asset Income ETF	Asset Allocation	43.43M
AMID,Argent Mid Cap ETF	Equity	27.07M
AMLP,Alerian MLP ETF	Equity	6.68B
AMOM,QRAFT AI Enhanced U.S. Large Cap Momentum ETF	Equity	12.04M
AMZA,InfraCap MLP ETF	Equity	333.58M
AMZD,Direxion Daily AMZN Bear 1X Shares	Equity	4.12M
AMZU,Direxion Daily AMZN Bull 1.5X Shares	Equity	2.32M
ANEW,ProShares MSCI Transformational Changes ETF	Equity	25.10M
ANGL,VanEck Vectors Fallen Angel High Yield Bond ETF	Fixed Income	2.97B
AOA	, iShares Core Aggressive Allocation ETF	Asset Allocation	1.53B
AOK	, iShares Core Conservative Allocation ETF	Asset Allocation	868.99M
AOM	, iShares Core Moderate Allocation ETF	Asset Allocation	1.45B
AOR	, iShares Core Growth Allocation ETF	Asset Allocation	2.16B
AOTG,AOT Growth and Innovation ETF	Equity	19.36M
APRT,AllianzIM U.S. Large Cap Buffer10 Apr ETF	Equity	19.20M
APRW,AllianzIM U.S. Large Cap Buffer20 Apr ETF	Equity	59.62M
APRZ,TrueShares Structured Outcome (April) ETF	Equity	5.69M
APXH,APEX Healthcare ETF	Equity	6.99M
AQGX,AI Quality Growth ETF	Equity	32.03M
AQWA,Global X Clean Water ETF	Equity	7.66M
ARB	, AltShares Merger Arbitrage ETF	Alternatives	83.24M
ARCM,Arrow Reserve Capital Management ETF	Fixed Income	50.59M
ARGT,Global X MSCI Argentina ETF	Equity	28.52M
ARKF,ARK FinTech Innovation ETF	Equity	804.67M
ARKG,ARK Genomic Revolution ETF	Equity	2.31B
ARKK,ARK Innovation ETF	Equity	7.58B
ARKQ,ARK Autonomous Technology & Robotics ETF	Equity	953.17M
ARKW,ARK Next Generation Internet ETF	Equity	1.21B
ARKX,ARK Space Exploration & Innovation ETF	Equity	282.15M
ARMR,Armor US Equity Index ETF	Equity	52.84M
ARVR,First Trust Indxx Metaverse ETF	Equity	1.29M
ASEA,Global X FTSE Southeast Asia ETF	Equity	40.46M
ASET,FlexShares Real Assets Allocation Index Fund	Equity	31.28M
ASHR,Xtrackers Harvest CSI 300 China A-Shares ETF	Equity	1.65B
ASHS,Xtrackers Harvest CSI 500 China A-Shares Small Cap ETF	Equity	32.02M
ASHX,Xtrackers MSCI China A Inclusion Equity ETF	Equity	5.53M
ASPY,ASYMshares ASYMmetric 500 ETF	Alternatives	26.49M
ATFV,Alger 35 ETF	Equity	9.49M
AUGZ,TrueShares Structured Outcome (August) ETF	Equity	14.70M
AUSF,Global X Adaptive U.S. Factor ETF	Equity	171.95M
AVDE,Avantis International Equity ETF	Equity	1.99B
AVDV,Avantis International Small Cap Value ETF	Equity	2.05B
AVEM,Avantis Emerging Markets Equity ETF	Equity	1.74B
AVES,Avantis Emerging Markets Value ETF	Equity	159.31M
AVGE,Avantis All Equity Markets ETF	Equity	19.93M
AVIE,Avantis Inflation Focused Equity ETF	Equity	2.38M
AVIG,Avantis Core Fixed Income ETF	Fixed Income	233.86M
AVIV,Avantis International Large Cap Value ETF	Equity	119.75M
AVLV,Avantis U.S. Large Cap Value ETF	Equity	600.67M
AVMU,Avantis Core Municipal Fixed Income ETF	Fixed Income	41.28M
AVRE,Avantis Real Estate ETF	Equity	178.36M
AVSC,Avantis U.S Small Cap Equity ETF	Equity	47.07M
AVSD,Avantis Responsible International Equity ETF	Equity	48.32M
AVSE,Avantis Responsible Emerging Markets Equity ETF	Equity	28.40M
AVSF,Avantis Short-Term Fixed Income ETF	Fixed Income	140.76M
AVSU,Avantis Responsible U.S. Equity ETF	Equity	74.82M
AVUS,Avantis U.S. Equity ETF	Equity	2.98B
AVUV,Avantis U.S. Small Cap Value ETF	Equity	4.43B
AWAY,ETFMG Travel Tech ETF	Equity	158.67M
AWYX,ETFMG 2x Daily Travel Tech ETF	Equity	282.10K
AZTD,Aztlan Global Stock Selection DM SMID ETF	Equity	3.13M
BAB	, Invesco Taxable Municipal Bond ETF	Fixed Income	1.55B
BAD	, B.A.D. ETF	Equity	9.24M
BALT,Innovator Defined Wealth Shield ETF	Equity	252.80M
BAPR,Innovator S&P 500 Buffer ETF (April)	Equity	119.98M
BAR	, Graniteshares Gold Trust	Commodity	897.27M
BATT,Amplify Advanced Battery Metals and Materials ETF	Equity	175.79M
BAUG,Innovator S&P 500 Buffer ETF (August)	Equity	106.84M
BBAX,JPMorgan BetaBuilders Developed Asia ex-Japan ETF	Equity	3.99B
BBC	, BioShares Biotechnology Clinical Trials ETF	Equity	18.22M
BBCA,JPMorgan BetaBuilders Canada ETF	Equity	6.03B
BBEU,JPMorgan BetaBuilders Europe ETF	Equity	4.05B
BBH	, VanEck Vectors Biotech ETF	Equity	518.90M
BBIN,JPMorgan BetaBuilders International Equity ETF	Equity	3.10B
BBJP,JPMorgan BetaBuilders Japan ETF	Equity	6.96B
BBLU,EA Bridgeway Blue Chip ETF	Equity	221.44M
BBMC,JPMorgan BetaBuilders U.S. Mid Cap Equity ETF	Equity	1.46B
BBP	, BioShares Biotechnology Products ETF	Equity	18.00M
BBRE,JPMorgan BetaBuilders MSCI US REIT ETF	Equity	1.01B
BBSA,JPMorgan BetaBuilders 1-5 Year U.S. Aggregate Bond ETF	Fixed Income	37.84M
BBSC,JPMorgan BetaBuilders U.S. Small Cap Equity ETF	Equity	505.56M
BBUS,JPMorgan BetaBuilders U.S. Equity ETF	Equity	1.35B
BCD	, Aberdeen Standard Bloomberg All Commodity Longer Dated Strategy K-1 Free ETF	Commodity	281.76M
BCDF,Horizon Kinetics Blockchain Development ETF	Equity	2.08M
BCI	, Aberdeen Standard Bloomberg All Commodity Strategy K-1 ETF	Commodity	1.03B
BCIM,Aberdeen Bloomberg Industrial Metals Strategy K-1 Free ETF	Commodity	31.47M
BDEC,Innovator S&P 500 Buffer ETF (December)	Equity	110.96M
BDRY,Breakwave Dry Bulk Shipping ETF	Commodity	30.26M
BECO,BlackRock Future Climate and Sustainable Economy ETF	Equity	4.21M
BEDZ,AdvisorShares Hotel ETF	Equity	4.83M
BETZ,Roundhill Sports Betting & iGaming ETF	Equity	121.80M
BFEB,Innovator S&P 500 Buffer ETF (February)	Equity	71.88M
BFIT,Global X Health & Wellness Thematic ETF	Equity	23.08M
BFIX,Build Bond Innovation ETF	Asset Allocation	30.54M
BFOR,Barron's 400 ETF	Equity	137.68M
BFTR,BlackRock Future Innovators ETF	Equity	7.38M
BGLD,FT Cboe Vest Gold Strategy Quarterly Buffer ETF	Commodity	12.74M
BGRN,iShares Global Green Bond ETF	Fixed Income	292.81M
BIB	, ProShares Ultra Nasdaq Biotechnology	Equity	118.49M
BIBL,Inspire 100 ETF	Equity	276.66M
BICK,First Trust BICK Index Fund	Equity	48.54M
BIDS,Amplify Digital and Online Trading ETF	Equity	426.00K
BIL	, SPDR Bloomberg Barclays 1-3 Month T-Bill ETF	Fixed Income	26.40B
BILS,SPDR Bloomberg Barclays 3-12 Month T-Bill ETF	Fixed Income	357.04M
BIS	, ProShares UltraShort Nasdaq Biotechnology	Equity	5.40M
BITI,ProShares Short Bitcoin Strategy ETF	Currency	88.23M
BITO,ProShares Bitcoin Strategy ETF	Currency	568.94M
BITQ,Bitwise Crypto Industry Innovators ETF	Equity	45.01M
BITS,Blockchain & Bitcoin Strategy ETF	Asset Allocation	6.07M
BIV	, Vanguard Intermediate-Term Bond Fund	Fixed Income	12.79B
BIZD,VanEck Vectors BDC Income ETF	Equity	526.71M
BJAN,Innovator S&P 500 Buffer ETF (January)	Equity	152.47M
BJK	, VanEck Vectors Gaming ETF	Equity	79.46M
BJUL,Innovator S&P 500 Buffer ETF (July)	Equity	178.00M
BJUN,Innovator S&P 500 Buffer ETF (June)	Equity	79.49M
BKAG,BNY Mellon Core Bond ETF	Fixed Income	389.61M
BKCH,Global X Blockchain ETF	Equity	46.77M
BKCI,BNY Mellon Concentrated International ETF	Equity	64.79M
BKEM,BNY Mellon Emerging Markets Equity ETF	Equity	30.19M
BKES,BNY Mellon Sustainable Global Emerging Markets ETF	Equity	10.05M
BKF	, iShares MSCI BRIC ETF	Equity	81.77M
BKGI,BNY Mellon Global Infrastructure Income ETF	Equity	-
BKHY,BNY Mellon High Yield Beta ETF	Fixed Income	54.11M
BKIE,BNY Mellon International Equity ETF	Equity	144.57M
BKIS,BNY Mellon Sustainable International Equity ETF	Equity	8.16M
BKLC,BNY Mellon US Large Cap Core Equity ETF	Equity	459.71M
BKLN,Invesco Senior Loan ETF	Fixed Income	3.72B
BKMC,BNY Mellon US Mid Cap Core Equity ETF	Equity	92.16M
BKSB,BNY Mellon Short Duration Corporate Bond ETF	Fixed Income	54.06M
BKSE,BNY Mellon US Small Cap Core Equity ETF	Equity	37.42M
BKUI,BNY Mellon Ultra Short Income ETF	Fixed Income	26.85M
BKUS,BNY Mellon Sustainable US Equity ETF	Equity	8.34M
BLCN,Reality Shares Nasdaq NexGen Economy ETF	Equity	110.73M
BLDG,Cambria Global Real Estate ETF	Equity	21.03M
BLES,Inspire Global Hope ETF	Equity	133.21M
BLHY,Virtus Newfleet Dynamic Credit ETF	Fixed Income	4.21M
BLKC,Invesco Alerian Galaxy Blockchain Users and Decentralized Commerce ETF	Equity	-
BLLD,JPMorgan Sustainable Infrastructure ETF	Equity	10.52M
BLOK,Amplify Transformational Data Sharing ETF	Equity	458.04M
BLV	, Vanguard Long-Term Bond ETF	Fixed Income	4.31B
BMAR,Innovator S&P 500 Buffer ETF (March)	Equity	80.90M
BMAY,Innovator S&P 500 Buffer ETF (May)	Equity	182.41M
BMED,BlackRock Future Health ETF	Equity	5.73M
BND	, Vanguard Total Bond Market ETF	Fixed Income	82.34B
BNDC,FlexShares Core Select Bond Fund	Fixed Income	166.66M
BNDD,Quadratic Deflation ETF	Fixed Income	57.65M
BNDI,NEOS Enhanced Income Aggregate Bond ETF	Fixed Income	979.60K
BNDW,Vanguard Total World Bond ETF	Fixed Income	563.41M
BNDX,Vanguard Total International Bond ETF	Fixed Income	45.31B
BNE	, Blue Horizon BNE ETF	Equity	7.17M
BNGE,First Trust S-Network Streaming and Gaming ETF	Equity	3.68M
BNO	, United States Brent Oil Fund	Commodity	243.48M
BNOV,Innovator S&P 500 Buffer ETF (November)	Equity	64.62M
BOAT,SonicShares Global Shipping ETF	Equity	21.57M
BOCT,Innovator S&P 500 Buffer ETF (October)	Equity	233.79M
BOIL,ProShares Ultra Bloomberg Natural Gas	Commodity	438.56M
BOND,PIMCO Total Return Active ETF	Fixed Income	2.99B
BOSS,Global X Founder-Run Companies ETF	Equity	8.52M
BOTZ,Global X Robotics & Artificial Intelligence ETF	Equity	1.42B
BOUT,Innovator IBD Breakout Opportunities ETF	Equity	14.07M
BPAY,BlackRock Future Financial and Technology ETF	Equity	4.39M
BRF	, VanEck Vectors Brazil Small-Cap ETF	Equity	25.65M
BRKY,Direxion Breakfast Commodities Strategy ETF	Commodity	6.19M
BRLN,BlackRock Floating Rate Loan ETF	Fixed Income	-
BRNY,Burney U.S. Factor Rotation ETF	Equity	142.97M
BRZU,Direxion Daily MSCI Brazil Bull 2X Shares	Equity	125.15M
BSBE,Invesco BulletShares 2022 USD Emerging Markets Debt ETF	Fixed Income	16.74M
BSCE,Invesco BulletShares 2023 USD Emerging Markets Debt ETF	Fixed Income	25.65M
BSCM,Invesco BulletShares 2022 Corporate Bond ETF	Fixed Income	1.68B
BSCN,Invesco BulletShares 2023 Corporate Bond ETF	Fixed Income	2.68B
BSCO,Invesco BulletShares 2024 Corporate Bond ETF	Fixed Income	3.39B
BSCP,Invesco BulletShares 2025 Corporate Bond ETF	Fixed Income	1.75B
BSCQ,Invesco BulletShares 2026 Corporate Bond ETF	Fixed Income	1.30B
BSCR,Invesco BulletShares 2027 Corporate Bond ETF	Fixed Income	542.00M
BSCS,Invesco BulletShares 2028 Corporate Bond ETF	Fixed Income	385.45M
BSCT,Invesco BulletShares 2029 Corporate Bond ETF	Fixed Income	171.52M
BSCU,Invesco BulletShares 2030 Corporate Bond ETF	Fixed Income	127.92M
BSCV,Invesco BulletShares 2031 Corporate Bond ETF	Fixed Income	60.84M
BSCW,Invesco BulletShares 2032 Corporate Bond ETF	Fixed Income	6.14M
BSDE,Invesco BulletShares 2024 USD Emerging Markets Debt ETF	Fixed Income	38.69M
BSEA,ETFMG Breakwave Sea Decarbonization Tech ETF	Equity	2.23M
BSEP,Innovator S&P 500 Buffer ETF (September)	Equity	173.02M
BSJM,Invesco BulletShares 2022 High Yield Corporate Bond ETF	Fixed Income	507.84M
BSJN,Invesco BulletShares 2023 High Yield Corporate Bond ETF	Fixed Income	718.89M
BSJO,Invesco BulletShares 2024 High Yield Corporate Bond ETF	Fixed Income	505.69M
BSJP,Invesco BulletShares 2025 High Yield Corporate Bond ETF	Fixed Income	413.08M
BSJQ,Invesco BulletShares 2026 High Yield Corporate Bond ETF	Fixed Income	202.14M
BSJR,Invesco BulletShares 2027 High Yield Corporate Bond ETF	Fixed Income	52.34M
BSJS,Invesco BulletShares 2028 High Yield Corporate Bond ETF	Fixed Income	25.48M
BSJT,Invesco BulletShares 2029 High Yield Corporate Bond ETF	Fixed Income	10.25M
BSJU,Invesco BulletShares 2030 High Yield Corporate Bond ETF	Fixed Income	5.00M
BSMM,Invesco BulletShares Municipal Bond 2022 Index	Fixed Income	80.99M
BSMN,Invesco BulletShares 2023 Municipal Bond ETF	Fixed Income	110.70M
BSMO,Invesco BulletShares 2024 Municipal Bond ETF	Fixed Income	114.13M
BSMP,Invesco BulletShares 2025 Municipal Bond ETF	Fixed Income	97.70M
BSMQ,Invesco BulletShares 2026 Municipal Bond ETF	Fixed Income	56.54M
BSMR,Invesco BulletShares 2027 Municipal Bond ETF	Fixed Income	37.70M
BSMS,Invesco BulletShares 2028 Municipal Bond ETF	Fixed Income	27.94M
BSMT,Invesco BulletShares Municipal Bond 2029 Index	Fixed Income	22.98M
BSMU,Invesco BulletShares 2030 Municipal Bond ETF	Fixed Income	28.29M
BSMV,Invesco BulletShares 2031 Municipal Bond ETF	Fixed Income	12.55M
BSTP,Innovator Buffer Step-Up Strategy ETF	Equity	30.14M
BSV	, Vanguard Short-Term Bond ETF	Fixed Income	39.12B
BTAL,AGFiQ US Market Neutral Anti-Beta Fund	Alternatives	354.51M
BTCR,Volt Crypto Industry Revolution and Tech ETF	Equity	2.01M
BTEC,Principal Healthcare Innovators Index ETF	Equity	59.91M
BTEK,BlackRock Future Tech ETF	Equity	11.42M
BTF	, Valkyrie Bitcoin Strategy ETF	Currency	18.73M
BTHM,BlackRock Future U.S. Themes ETF	Equity	4.42M
BUCK,Simplify Stable Income ETF	Fixed Income	1.25M
BUFB,Innovator Laddered Allocation Buffer ETF	Equity	27.52M
BUFD,FT Cboe Vest Fund of Deep Buffer ETF	Equity	545.06M
BUFF,Innovator Laddered Fund of S&P 500 Power Buffer ETF	Equity	152.90M
BUFG,FT Cboe Vest Buffered Allocation Growth ETF	Equity	163.19M
BUFQ,FT Cboe Vest Fund of Nasdaq-100 Buffer ETF	Equity	-
BUFR,FT Cboe Vest Fund of Buffer ETFs	Equity	756.53M
BUFT,FT Cboe Vest Buffered Allocation Defensive ETF	Equity	165.29M
BUG	, Global X Cybersecurity ETF	Equity	1.03B
BUL	, Pacer US Cash Cows Growth ETF	Equity	22.71M
BULD,Pacer BlueStar Engineering the Future ETF	Equity	1.51M
BUYW,Main BuyWrite ETF	Equity	158.97M
BUYZ,Franklin Disruptive Commerce ETF	Equity	9.09M
BUZZ,VanEck Vectors Social Sentiment ETF	Equity	65.17M
BWEB,Bitwise Web3 ETF	Equity	2.04M
BWX	, SPDR Bloomberg Barclays International Treasury Bond ETF	Fixed Income	923.68M
BWZ	, SPDR Bloomberg Barclays Short Term International Treasury Bond ETF	Fixed Income	143.97M
BYLD,iShares Yield Optimized Bond ETF	Fixed Income	80.41M
BYOB,SoFi Be Your Own Boss ETF	Equity	7.86M
BYRE,Principal Real Estate Active Opportunities ETF	Equity	5.21M
BYTE,Roundhill IO Digital Infrastructure ETF	Equity	1.72M
BZQ	, ProShares UltraShort MSCI Brazil Capped	Equity	15.96M
CACG,ClearBridge All Cap Growth ETF	Equity	149.02M
CALF,Pacer US Small Cap Cash Cows 100 ETF	Equity	1.25B
CANE,Teucrium Sugar Fund	Commodity	27.18M
CAPE,DoubleLine Shiller CAPE U.S. Equities ETF	Equity	191.00M
CARY,Angel Oak Income ETF	Fixed Income	20.12M
CARZ,First Trust Nasdaq Global Auto Index Fund	Equity	45.93M
CATH,Global X S&P 500 Catholic Values ETF	Equity	578.39M
CBLS,Changebridge Capital Long/Short Equity ETF	Alternatives	5.13M
CBON,VanEck Vectors ChinaAMC China Bond ETF	Fixed Income	86.55M
CBSE,Changebridge Capital Sustainable Equity ETF	Equity	6.26M
CCOR,Cambria Core Equity ETF	Alternatives	554.94M
CCRV,iShares Commodity Curve Carry Strategy ETF	Commodity	37.65M
CCSO,Carbon Collective Climate Solutions U.S. Equity ETF	Equity	7.42M
CDC	, VictoryShares US EQ Income Enhanced Volatility Wtd ETF	Equity	2.10B
CDL	, VictoryShares US Large Cap High Div Volatility Wtd ETF	Equity	346.02M
CDX	, Simplify High Yield PLUS Credit Hedge ETF	Fixed Income	53.89M
CEFA,Global X S&P Catholic Values Developed ex-U.S. ETF	Equity	6.43M
CEFS,Saba Closed-End Funds ETF	Asset Allocation	92.72M
CEMB,iShares J.P. Morgan Emerging Markets Corporate Bond ETF	Fixed Income	306.58M
CEW	, WisdomTree Emerging Currency Strategy Fund	Currency	8.41M
CEY	, VictoryShares Emerging Market High Div Volatility Wtd ETF	Equity	9.37M
CFA	, VictoryShares US 500 Volatility Wtd ETF	Equity	592.35M
CFCV,ClearBridge Focus Value ETF	Equity	3.56M
CFO	, VictoryShares US 500 Enhanced Volatility Wtd ETF	Equity	902.98M
CGCP,Capital Group Core Plus Income ETF	Fixed Income	312.62M
CGDV,Capital Group Dividend Value ETF	Equity	1.25B
CGGO,Capital Group Global Growth Equity ETF	Equity	761.76M
CGGR,Capital Group Growth ETF	Equity	887.91M
CGMS,Capital Group U.S. Multi-Sector Income ETF	Fixed Income	56.48M
CGMU,Capital Group Municipal Income ETF	Fixed Income	47.20M
CGSD,Capital Group Short Duration Income ETF	Fixed Income	34.89M
CGUS,Capital Group Core Equity ETF	Equity	427.61M
CGV ,Conductor Global Equity Value ETF	Equity	70.76M
CGW	, Invesco S&P Global Water Index ETF	Equity	1.01B
CGXU,Capital Group International Focus Equity ETF	Equity	679.12M
CHAD,Direxion Daily CSI 300 China A Share Bear 1X Shares	Equity	20.30M
CHAU,Direxion Daily CSI 300 China A Share Bull 2X Shares	Equity	52.42M
CHB	, China Biotech Innovation ETF	Equity	2.63M
CHGX,Change Finance Diversified Impact US Large Cap Fossil Fuel Free ETF	Equity	111.69M
CHIC,Global X MSCI China Communication Services ETF	Equity	6.61M
CHIE,Global X China Energy ETF	Equity	10.28M
CHIH,Global X MSCI China Health Care ETF	Equity	11.49M
CHII,Global X China Industrials ETF	Equity	5.89M
CHIK,Global X MSCI China Information Technology ETF	Equity	15.83M
CHIM,Global X China Materials ETF	Equity	3.66M
CHIQ,Global X China Consumer ETF	Equity	294.72M
CHIR,Global X MSCI China Real Estate ETF	Equity	6.73M
CHIS,Global X MSCI Consumer Staples ETF	Equity	10.84M
CHIU,Global X MSCI China Utilities ETF	Equity	2.87M
CHIX,Global X China Financials ETF	Equity	33.98M
CHNA,Loncar China BioPharma ETF	Equity	5.54M
CIBR,First Trust Nasdaq Cybersecurity ETF	Equity	5.06B
CID	, VictoryShares International High Div Volatility Wtd ETF	Equity	16.36M
CIL	, VictoryShares International Volatility Wtd ETF	Equity	89.96M
CIRC,JPMorgan Sustainable Consumption ETF	Equity	11.34M
CIZ	, VictoryShares Developed Enhanced Volatility Wtd ETF	Equity	45.39M
CLDL,Direxion Daily Cloud Computing Bull 2X Shares	Equity	7.64M
CLIX,ProShares Long Online/Short Stores ETF	Equity	13.36M
CLNR,IQ Cleaner Transport ETF	Equity	4.98M
CLOI,VanEck CLO ETF	Fixed Income	25.08M
CLOU,Global X Cloud Computing ETF	Equity	609.11M
CLRG,IQ Chaikin U.S. Large Cap ETF	Equity	293.34M
CLSA,Cabana Target Leading Sector Aggressive ETF	Asset Allocation	62.80M
CLSC,Cabana Target Leading Sector Conservative ETF	Asset Allocation	303.42M
CLSE,Convergence Long/Short Equity ETF	Alternatives	24.35M
CLSM,Cabana Target Leading Sector Moderate ETF	Asset Allocation	35.14M
CLTL,Invesco Treasury Collateral ETF	Fixed Income	978.95M
CMBS,iShares CMBS ETF	Fixed Income	602.71M
CMDY,iShares Bloomberg Roll Select Commodity Strategy ETF	Commodity	319.91M
CMF	, iShares California Muni Bond ETF	Fixed Income	1.76B
CN	, Xtrackers MSCI All China Equity ETF	Equity	8.63M
CNBS,Amplify Seymour Cannabis ETF	Equity	46.29M
CNCR,Loncar Cancer Immunotherapy ETF	Equity	19.58M
CNRG,SPDR Kensho Clean Power ETF	Equity	358.50M
CNXT,VanEck Vectors ChinaAMC SME-ChiNext ETF	Equity	20.24M
CNYA,iShares MSCI China A ETF	Equity	479.80M
COM	, Direxion Auspice Broad Commodity Strategy ETF	Commodity	72.95M
COMB,GraniteShares Bloomberg Commodity Broad Strategy No K-1 ETF	Commodity	281.20M
COMT,iShares Commodities Select Strategy ETF	Commodity	2.33B
CONL,GraniteShares 1.5x Long Coinbase Daily ETF	Equity	732.10K
COPX,Global X Copper Miners ETF	Equity	1.67B
CORN,Teucrium Corn Fund	Commodity	204.68M
CORP,PIMCO Investment Grade Corporate Bond Index ETF	Fixed Income	746.12M
COWZ,Pacer US Cash Cows 100 ETF	Equity	9.21B
CPER,United States Copper Index Fund	Commodity	178.63M
CPI	, IQ Real Return ETF	Alternatives	10.23M
CPII,Ionic Inflation Protection ETF	Fixed Income	9.91M
CQQQ,Invesco China Technology ETF	Equity	895.14M
CRAK,VanEck Vectors Oil Refiners ETF	Equity	41.71M
CRBN,iShares MSCI ACWI Low Carbon Target ETF	Equity	878.53M
CRIT,Optica Rare Earths & Critical Materials ETF	Equity	2.42M
CRPT,First Trust SkyBridge Crypto Industry and Digital Economy ETF	Equity	15.74M
CRUZ,Defiance Hotel Airline and Cruise ETF	Equity	40.31M
CRYP,AdvisorShares Managed Bitcoin Strategy ETF	Asset Allocation	156.10K
CSA	, VictoryShares US Small Cap Volatility Wtd ETF	Equity	24.89M
CSB	, VictoryShares US Small Cap High Div Volatility Wtd ETF	Equity	361.30M
CSD	, Invesco S&P Spin-Off ETF	Equity	58.08M
CSF	, VictoryShares US Discovery Enhanced Volatility Wtd ETF	Equity	88.07M
CSH	, Exos Active SPAC Arbitrage ETF	Equity	8.83M
CSHI,NEOS Enhanced Income Cash Alternative ETF	Fixed Income	1.00M
CSM	, ProShares Large Cap Core Plus	Equity	447.56M
CSML,IQ Chaikin U.S. Small Cap ETF	Equity	247.99M
CTA	, Simplify Managed Futures Strategy ETF	Alternatives	204.93M
CTEC,Global X CleanTech ETF	Equity	128.04M
CTEX,ProShares S&P Kensho Cleantech ETF	Equity	6.13M
CUBS,Asian Growth Cubs ETF	Equity	10.45M
CURE,Direxion Daily Healthcare Bull 3x Shares	Equity	224.02M
CUT	, Invesco MSCI Global Timber ETF	Equity	66.32M
CVAR,Cultivar ETF	Equity	25.25M
CVY	, Invesco Zacks Multi-Asset Income ETF	Asset Allocation	109.16M
CWB	, SPDR Bloomberg Barclays Convertible Securities ETF	Fixed Income	4.35B
CWEB,Direxion Daily CSI China Internet Index Bull 2X Shares	Equity	320.68M
CWI	, SPDR MSCI ACWI ex-US ETF	Equity	1.58B
CWS	, AdvisorShares Focused Equity ETF	Equity	32.54M
CXSE,WisdomTree China ex-State-Owned Enterprises Fund	Equity	775.91M
CYA	, Simplify Tail Risk Strategy ETF	Asset Allocation	50.72M
CYB	, WisdomTree Chinese Yuan Strategy Fund	Currency	27.29M
CZA	, Invesco Zacks Mid-Cap ETF	Equity	219.95M
DALI,First Trust Dorsey Wright DALI 1 ETF	Asset Allocation	149.38M
DALT,Anfield Diversified Alternatives ETF	Alternatives	58.23M
DAM	, VanEck Digital Assets Mining ETF	Equity	813.20K
DAPP,VanEck Vectors Digital Transformation ETF	Equity	22.01M
DAPR,FT Cboe Vest U.S. Equity Deep Buffer ETF (April)	Equity	275.51M
DAT	, ProShares Big Data Refiners ETF	Equity	1.83M
DAUG,FT Cboe Vest U.S. Equity Deep Buffer ETF (August)	Equity	286.51M
DAX	, Horizons DAX Germany ETF	Equity	45.97M
DBA	, Invesco DB Agriculture Fund	Commodity	1.42B
DBAW,Deutsche X-trackers MSCI All World ex US Hedged Equity ETF	Equity	143.82M
DBB	, Invesco DB Base Metals Fund	Commodity	263.28M
DBC	, Invesco DB Commodity Index Tracking Fund	Commodity	3.06B
DBE	, Invesco DB Energy Fund	Commodity	194.43M
DBEF,Deutsche X-trackers MSCI EAFE Hedged Equity ETF	Equity	4.37B
DBEH,iM DBi Hedge Strategy ETF	Alternatives	15.97M
DBEM,Deutsche X-trackers MSCI Emerging Markets Hedged Equity ETF	Equity	93.75M
DBEU,Deutsche X-trackers MSCI Europe Hedged Equity ETF	Equity	502.17M
DBEZ,Deutsche X-trackers MSCI Eurozone Hedged Equity ETF	Equity	11.00M
DBGR,Deutsche X-trackers MSCI Germany Hedged Equity ETF	Equity	8.49M
DBJA,Innovator Double Stacker 9 Buffer ETF (January)	Equity	8.46M
DBJP,Deutsche X-trackers MSCI Japan Hedged Equity ETF	Equity	211.05M
DBMF,iM DBi Managed Futures Strategy ETF	Alternatives	988.05M
DBND,DoubleLine Opportunistic Bond ETF	Fixed Income	51.00M
DBO	, Invesco DB Oil Fund	Commodity	346.07M
DBOC,Innovator Double Stacker 9 Buffer ETF (October)	Equity	14.72M
DBP	, Invesco DB Precious Metals Fund	Commodity	85.05M
DBS	, Invesco DB Silver Fund	Commodity	21.64M
DBV	, Invesco DB G10 Currency Harvest Fund	Alternatives	41.46M
DDEC,FT Cboe Vest U.S. Equity Deep Buffer ETF (December)	Equity	273.47M
DDIV,First Trust Dorsey Wright Momentum & Dividend ETF	Equity	72.03M
DDLS,WisdomTree Dynamic Currency Hedged International SmallCap Equity Fund	Equity	104.02M
DDM	, ProShares Ultra Dow30	Equity	385.04M
DDWM,WisdomTree Dynamic Currency Hedged International Equity Fund	Equity	189.10M
DECT,AllianzIM U.S. Large Cap Buffer10 Dec ETF	null	4.99M
DECW,AllianzIM U.S. Large Cap Buffer20 Dec ETF	null	5.00M
DECZ,TrueShares Structured Outcome (December) ETF	Equity	6.36M
DEED,First Trust TCW Securitized Plus ETF	Fixed Income	129.27M
DEEF,Deutsche X-trackers FTSE Developed Ex US Comprehensive Factor ETF	Equity	65.32M
DEEP,Roundhill Acquirers Deep Value ETF	Equity	41.66M
DEF	, Invesco Defensive Equity ETF	Equity	290.07M
DEFI,Hashdex Bitcoin Futures ETF	Currency	2.16M
DEHP,Dimensional Emerging Markets High Profitability ETF	Equity	83.07M
DEIF,Sterling Capital Diverse Multi-Manager Active ETF	Equity	95.91M
DEM	, WisdomTree Emerging Markets High Dividend Fund	Equity	1.74B
DEMZ,Demz Political Contributions ETF	Equity	21.70M
DES	, WisdomTree SmallCap Dividend Fund	Equity	1.91B
DEUS,Deutsche X-trackers Russell 1000 Comprehensive Factor ETF	Equity	144.43M
DEW	, WisdomTree Global Equity Income Fund	Equity	119.75M
DFAC,Dimensional U.S. Core Equity 2 ETF	Equity	16.25B
DFAE,Dimensional Emerging Core Equity Market ETF	Equity	1.76B
DFAI,Dimensional International Core Equity Market ETF	Equity	2.54B
DFAR,Dimensional US Real Estate ETF	Equity	300.40M
DFAS,Dimensional U.S. Small Cap ETF	Equity	4.88B
DFAT,Dimensional U.S. Targeted Value ETF	Equity	7.56B
DFAU,Dimensional US Core Equity Market ETF	Equity	2.69B
DFAX,Dimensional World ex U.S. Core Equity 2 ETF	Equity	4.89B
DFCF,Core Fixed Income ETF	Fixed Income	1.42B
DFE	, WisdomTree Europe SmallCap Dividend Fund	Equity	196.32M
DFEB,FT Cboe Vest U.S. Equity Deep Buffer ETF (February)	Equity	305.28M
DFEM,Dimensional Emerging Markets Core Equity 2 ETF	Equity	758.64M
DFEN,Direxion Daily Aerospace & Defense Bull 3X Shares	Equity	215.07M
DFEV,Dimensional Emerging Markets Value ETF	Equity	183.22M
DFHY,TrimTabs Donoghue Forlines Tactical High Yield ETF	Fixed Income	37.82M
DFIC,Dimensional International Core Equity 2 ETF	Equity	1.59B
DFIP,Dimensional Inflation-Protected Securities ETF	Fixed Income	270.47M
DFIS,Dimensional International Small Cap ETF	Equity	367.52M
DFIV,Dimensional International Value ETF	Equity	4.18B
DFJ	, WisdomTree Japan SmallCap Dividend Fund	Equity	161.01M
DFND,Reality Shares DIVCON Dividend Defender ETF	Equity	18.80M
DFNL,Davis Select Financial ETF	Equity	182.80M
DFNM,Dimensional National Municipal Bond ETF	Fixed Income	601.66M
DFNV,TrimTabs Donoghue Forlines Risk Managed Innovation ETF	Equity	60.87M
DFRA,Donoghue Forlines Yield Enhanced Real Asset ETF	Equity	31.21M
DFSB,Global Sustainability Fixed Income ETF	Fixed Income	38.51M
DFSD,Dimensional Short-Duration Fixed Income ETF	Fixed Income	814.78M
DFSE,Emerging Markets Sustainability Core 1 ETF	Equity	86.55M
DFSI,International Sustainability Core 1 ETF	Equity	91.05M
DFSU,US Sustainability Core 1 ETF	Equity	108.63M
DFSV,Dimensional US Small Cap Value ETF	Equity	718.78M
DFUS,Dimensional U.S. Equity ETF	Equity	5.76B
DFUV,Dimensional US Marketwide Value ETF	Equity	8.31B
DGIN,VanEck Digital India ETF	Equity	1.54M
DGL	, Invesco DB Gold Fund	Commodity	65.76M
DGRE,WisdomTree Emerging Markets Quality Dividend Growth Fund	Equity	74.56M
DGRO,iShares Core Dividend Growth ETF	Equity	25.25B
DGRS,WisdomTree U.S. SmallCap Quality Dividend Growth Fund	Equity	217.40M
DGRW,WisdomTree U.S. Quality Dividend Growth Fund	Equity	7.63B
DGS	, WisdomTree Emerging Markets SmallCap Dividend Fund	Equity	2.42B
DGT	, SPDR Global Dow ETF	Equity	104.28M
DHS	, WisdomTree High Dividend Fund	Equity	1.37B
DIA	, SPDR Dow Jones Industrial Average ETF Trust	Equity	30.64B
DIAL,Columbia Diversified Fixed Income Allocation ETF	Fixed Income	618.65M
DIEM,Franklin Emerging Market Core Dividend Tilt Index ETF	Equity	14.08M
DIG	, ProShares Ultra Oil & Gas	Equity	178.30M
DIHP,Dimensional International High Profitability ETF	Equity	524.40M
DIM	, WisdomTree International MidCap Dividend Fund	Equity	129.55M
DINT,Davis Select International ETF	Equity	143.37M
DISV,Dimensional International Small Cap Value ETF	Equity	536.45M
DIV	, Global X SuperDividend U.S. ETF	Equity	709.75M
DIVB,iShares U.S. Dividend and Buyback ETF	Equity	252.86M
DIVD,Altrius Global Dividend ETF	Equity	295.70K
DIVI,Franklin International Core Dividend Tilt Index ETF	Equity	46.17M
DIVO,Amplify CWP Dividend & Option Income ETF	Equity	2.16B
DIVS,SmartETFs Dividend Builder ETF	Equity	22.36M
DIVZ,TrueShares Low Volatility Equity Income ETF	Equity	78.84M
DJAN,FT Cboe Vest U.S. Equity Deep Buffer ETF (January)	Equity	170.81M
DJD	, Invesco Dow Jones Industrial Average Dividend ETF	Equity	268.24M
DJIA,Global X Dow 30 Covered Call ETF	Equity	51.61M
DJUL,FT Cboe Vest U.S. Equity Deep Buffer ETF (July)	Equity	180.60M
DJUN,FT Cboe Vest U.S. Equity Deep Buffer ETF (June)	Equity	185.10M
DLN	, WisdomTree LargeCap Dividend Fund	Equity	3.83B
DLS	, WisdomTree International SmallCap Dividend Fund	Equity	1.15B
DMAR,FT Cboe Vest U.S. Equity Deep Buffer ETF - March	Equity	216.41M
DMAT,Global X Disruptive Materials ETF	Equity	4.07M
DMAY,FT Cboe Vest U.S. Equity Deep Buffer ETF (May)	Equity	236.89M
DMCY,Democracy International Fund	Equity	4.53M
DMDV,AAM S&P Emerging Markets High Dividend Value ETF	Equity	2.08M
DMXF,iShares ESG Advanced MSCI EAFE ETF	Equity	409.90M
DNL	, WisdomTree Global ex-US Quality Dividend Growth Fund	Equity	451.48M
DNOV,FT Cboe Vest U.S. Equity Deep Buffer ETF (November)	Equity	343.32M
DOCT,FT Cboe Vest U.S. Equity Deep Buffer ETF (October)	Equity	200.13M
DOG	, ProShares Short Dow30	Equity	271.89M
DOL	, WisdomTree International LargeCap Dividend Fund	Equity	436.32M
DON	, WisdomTree MidCap Dividend Fund	Equity	3.33B
DOZR,Direxion Daily US Infrastructure Bull 2X Shares ETF	Equity	2.95M
DPST,Direxion Daily Regional Banks Bull 3X Shares	Equity	207.25M
DRIP,Direxion Daily S&P Oil & Gas Exp. & Prod. Bear 2X Shares	Equity	106.87M
DRIV,Global X Autonomous and Electric Vehicles ETF	Equity	904.96M
DRLL,Strive U.S. Energy ETF	Equity	379.37M
DRN	, Direxion Daily MSCI Real Estate Bull 3X Shares	Equity	53.00M
DRSK,Aptus Defined Risk ETF	Asset Allocation	837.76M
DRV	, Direxion Daily MSCI Real Estate Bear 3X Shares	Equity	155.90M
DSCF,Discipline Fund ETF	Asset Allocation	33.52M
DSEP,FT Cboe Vest U.S. Equity Deep Buffer ETF (September)	Equity	244.53M
DSI	, iShares MSCI KLD 400 Social ETF	Equity	3.79B
DSJA,Innovator Double Stacker ETF (January)	Equity	3.32M
DSMC,Distillate Small/Mid Cash Flow ETF	Equity	10.85M
DSOC,Innovator Double Stacker ETF (October)	Equity	4.21M
DSPC,AXS De-SPAC ETF	Equity	602.00K
DSTL,Distillate U.S. Fundamental Stability & Value ETF	Equity	869.68M
DSTX,Distillate International Fundamental Stability & Value ETF	Equity	14.91M
DTD	, WisdomTree Total Dividend Fund	Equity	1.12B
DTEC,ALPS Disruptive Technologies ETF	Equity	124.20M
DTH	, WisdomTree International High Dividend Fund	Equity	239.58M
DTRE,First Trust Alerian Disruptive Technology Real Estate ETF	Equity	26.79M
DUDE,Merlyn.AI SectorSurfer Momentum ETF	Asset Allocation	54.44M
DUG	, ProShares UltraShort Oil & Gas	Equity	29.89M
DUHP,Dimensional US High Profitability ETF	Equity	1.16B
DURA,VanEck Vectors Morningstar Durable Dividend ETF	Equity	87.78M
DUSA,Davis Select U.S. Equity ETF	Equity	344.75M
DUSL,Direxion Daily Industrials Bull 3X Shares	Equity	23.25M
DUST,Direxion Daily Gold Miners Bear 2X Shares	Equity	53.41M
DVAL,BrandywineGLOBAL - Dynamic US Large Cap Value ETF	Equity	185.13M
DVLU,First Trust Dorsey Wright Momentum & Value ETF	Equity	23.72M
DVND,Touchstone Dividend Select ETF Fund	Equity	26.34M
DVOL,First Trust Dorsey Wright Momentum & Low Volatility ETF	Equity	82.41M
DVY	, iShares Select Dividend ETF	Equity	22.91B
DVYA,iShares Asia/Pacific Dividend ETF	Equity	34.76M
DVYE,iShares Emerging Markets Dividend ETF	Equity	582.99M
DWAS,Invesco DWA SmallCap Momentum ETF	Equity	392.49M
DWAT,Arrow DWA Tactical ETF	Asset Allocation	3.42M
DWAW,AdvisorShares Dorsey Wright FSM All Cap World ETF	Equity	93.74M
DWCR,Arrow DWA Tactical: International ETF	Equity	11.82M
DWEQ,AdvisorShares Dorsey Wright Alpha Equal Weight ETF	Equity	42.41M
DWLD,Davis Select Worldwide ETF	Equity	241.20M
DWM	, WisdomTree International Equity Fund	Equity	563.58M
DWMC,AdvisorShares Dorsey Wright Micro-Cap ETF	Equity	5.06M
DWMF,WisdomTree International Multifactor Fund	Equity	31.55M
DWSH,AdvisorShares Dorsey Wright Short ETF	Equity	44.38M
DWUS,AdvisorShares Dorsey Wright FSM US Core ETF	Equity	83.33M
DWX	, SPDR S&P International Dividend ETF	Equity	539.05M
DXD	, ProShares UltraShort Dow30	Equity	100.57M
DXGE,WisdomTree Germany Hedged Equity Fund	Equity	23.42M
DXJ	, WisdomTree Japan Hedged Equity Fund	Equity	2.04B
DXJS,WisdomTree Japan Hedged SmallCap Equity Fund	Equity	22.51M
DYLD,LeaderShares Dynamic Yield ETF	Fixed Income	94.12M
DYNF,BlackRock U.S. Equity Factor Rotation ETF	Equity	46.48M
EAFD,Simplify Developed Ex-US PLUS Downside Convexity ETF	Equity	22.24M
EAGG,iShares ESG U.S. Aggregate Bond ETF	Fixed Income	2.13B
EAOA,iShares ESG Aware Aggressive Allocation ETF	Asset Allocation	20.40M
EAOK,iShares ESG Aware Conservative Allocation ETF	Asset Allocation	8.41M
EAOM,iShares ESG Aware Moderate Allocation ETF	Asset Allocation	5.02M
EAOR,iShares ESG Aware Growth Allocation ETF	Asset Allocation	13.52M
EAPR,Innovator MSCI Emerging Markets Power Buffer ETF	Equity	33.03M
EASG,Xtrackers MSCI EAFE ESG Leaders Equity ETF	Equity	33.00M
EATV,VegTech Plant-based Innovation & Climate ETF	Equity	5.12M
EATZ,AdvisorShares Restaurant ETF	Equity	2.64M
EBIZ,Global X E-commerce ETF	Equity	49.27M
EBLU,Tortoise Water Fund	Equity	63.99M
EBND,SPDR Bloomberg Barclays Emerging Markets Local Bond ETF	Fixed Income	2.09B
ECH	, iShares MSCI Chile ETF	Equity	521.76M
ECLN,First Trust EIP Carbon Impact ETF	Equity	33.25M
ECNS,iShares MSCI China Small-Cap ETF	Equity	57.15M
ECON,Columbia Emerging Markets Consumer ETF	Equity	94.90M
ECOW,Pacer Emerging Markets Cash Cows 100 ETF	Equity	14.30M
ECOZ,TrueShares ESG Active Opportunities ETF	Equity	6.90M
EDC	, Direxion Daily MSCI Emerging Markets Bull 3x Shares	Equity	73.35M
EDEN,iShares MSCI Denmark ETF	Equity	211.56M
EDIV,SPDR S&P Emerging Markets Dividend ETF	Equity	193.09M
EDOC,Global X Telemedicine & Digital Health ETF	Equity	166.07M
EDOG,ALPS Emerging Sector Dividend Dogs ETF	Equity	28.22M
EDOW,First Trust Dow 30 Equal Weight ETF	Equity	143.83M
EDUT,Global X Education ETF	Equity	3.39M
EDV	, Vanguard Extended Duration Treasury ETF	Fixed Income	1.32B
EDZ	, Direxion Daily MSCI Emerging Markets Bear 3x Shares	Equity	36.43M
EELV,Invesco S&P Emerging Markets Low Volatility ETF	Equity	975.03M
EEM	, iShares MSCI Emerging Markets ETF	Equity	22.83B
EEMA,iShares MSCI Emerging Markets Asia ETF	Equity	504.35M
EEMD,AAM S&P Emerging Markets High Dividend Value ETF	Equity	6.61M
EEMO,Invesco S&P Emerging Markets Momentum ETF	Equity	5.08M
EEMS,iShares MSCI Emerging Markets Small-Cap ETF	Equity	366.29M
EEMV,iShares Edge MSCI Min Vol Emerging Markets ETF	Equity	8.18B
EEMX,SPDR MSCI Emerging Markets Fossil Fuel Reserves Free ETF	Equity	95.85M
EES	, WisdomTree SmallCap Earnings Fund	Equity	656.21M
EET	, ProShares Ultra MSCI Emerging Markets	Equity	22.07M
EEV	, ProShares UltraShort MSCI Emerging Markets	Equity	13.67M
EFA	, iShares MSCI EAFE ETF	Equity	47.60B
EFAD,ProShares MSCI EAFE Dividend Growers ETF	Equity	92.06M
EFAS,Global X MSCI SuperDividend EAFE ETF	Equity	9.59M
EFAV,iShares Edge MSCI Min Vol EAFE ETF	Equity	7.74B
EFAX,SPDR MSCI EAFE Fossil Fuel Reserves Free ETF	Equity	243.26M
EFG	, iShares MSCI EAFE Growth ETF	Equity	10.41B
EFIV,SPDR S&P 500 ESG ETF	Equity	539.25M
EFIX,First Trust TCW Emerging Markets Debt ETF	Fixed Income	7.76M
EFNL,iShares MSCI Finland ETF	Equity	25.07M
EFO	, ProShares Ultra MSCI EAFE	Equity	7.39M
EFRA,iShares Environmental Infrastructure and Industrials ETF	Equity	4.42M
EFU	, ProShares UltraShort MSCI EAFE	Equity	4.99M
EFV	, iShares MSCI EAFE Value ETF	Equity	15.88B
EFZ	, ProShares Short MSCI EAFE	Equity	139.06M
EGIS,2ndVote Society Defended ETF	Equity	26.53M
EGPT,VanEck Vectors Egypt Index ETF	Equity	14.51M
EIDO,iShares MSCI Indonesia ETF	Equity	535.20M
EINC,VanEck Vectors Energy Income ETF	Equity	33.43M
EIPX,FT Energy Income Partners Strategy ETF	Equity	88.67M
EIRL,iShares MSCI Ireland ETF	Equity	49.14M
EIS	, iShares MSCI Israel ETF	Equity	154.75M
EJAN,MSCI Emerging Markets Power Buffer ETF (January)	Equity	56.14M
EJUL,Innovator MSCI Emerging Markets Power Buffer ETF (July)	Equity	55.13M
EKAR,Innovation Shares NextGen Vehicles & Technology ETF	Equity	7.51M
EKG	, First Trust Nasdaq Lux Digital Health Solutions ETF	Equity	848.40K
ELD	, WisdomTree Emerging Markets Local Debt Fund	Fixed Income	92.61M
ELQD,iShares ESG Advanced Investment Grade Corporate Bond ETF	Fixed Income	16.25M
EMB	, iShares J.P. Morgan USD Emerging Markets Bond ETF	Fixed Income	15.58B
EMBD,Global X Emerging Markets Bond ETF	Fixed Income	94.00M
EMCA,Emerge EMPWR Sustainable Dividend Equity ETF	Equity	545.30K
EMCB,WisdomTree Emerging Markets Corporate Bond Fund	Fixed Income	52.91M
EMCH,Emerge EMPWR Sustainable Emerging Markets Equity ETF	Equity	520.50K
EMCR,Xtrackers Emerging Markets Carbon Reduction and Climate Improvers ETF	Equity	488.95M
EMDV,ProShares MSCI Emerging Markets Dividend Growers ETF	Equity	16.91M
EMFM,Global X Next Emerging & Frontier ETF	Equity	20.47M
EMFQ,Amplify Emerging Markets FinTech ETF	Equity	2.73M
EMGC,Emerge EMPWR Sustainable Select Growth Equity ETF	Equity	503.10K
EMGD,Simplify Emerging Markets Equity PLUS Downside Convexity ETF	Equity	7.24M
EMGF,iShares Edge MSCI Multifactor Emerging Markets ETF	Equity	799.61M
EMHC,SPDR Bloomberg Barclays Emerging Markets USD Bond ETF	Fixed Income	111.21M
EMHY,iShares Emerging Markets High Yield Bond ETF	Fixed Income	321.46M
EMIF,iShares Emerging Markets Infrastructure ETF	Equity	22.41M
EMLC,VanEck Vectors J.P. Morgan EM Local Currency Bond ETF	Fixed Income	2.82B
EMLP,First Trust North American Energy Infrastructure Fund	Equity	2.67B
EMMF,WisdomTree Emerging Markets Multifactor Fund	Equity	2.14M
EMNT,PIMCO Enhanced Short Maturity Active ESG ETF	Fixed Income	184.62M
EMPW,Emerge EMPWR Unified Sustainable Equity ETF	Equity	516.30K
EMQQ,Emerging Markets Internet and Ecommerce ETF	Equity	543.53M
EMSG,Xtrackers MSCI Emerging Markets ESG Leaders Equity ETF	Equity	22.92M
EMTL,SPDR DoubleLine Emerging Markets Fixed Income ETF	Fixed Income	71.36M
EMTY,ProShares Decline of the Retail Store ETF	Equity	19.37M
EMXC,iShares MSCI Emerging Markets ex China ETF	Equity	2.36B
EMXF,iShares ESG Advanced MSCI EM ETF	Equity	39.18M
EMZA,Emerge EMPWR Sustainable Global Core Equity ETF	Equity	512.40K
ENFR,Alerian Energy Infrastructure ETF	Equity	141.10M
ENOR,iShares MSCI Norway ETF	Equity	31.65M
ENRG,SoFi Smart Energy ETF	Equity	3.22M
ENTR,Entrepreneur 30 ETF	Equity	31.46M
ENZL,iShares MSCI New Zealand ETF	Equity	119.86M
EOCT,Innovator Emerging Markets Power Buffer ETF - October	Equity	28.13M
EPHE,iShares MSCI Philippines ETF	Equity	110.72M
EPI	, WisdomTree India Earnings Fund	Equity	732.37M
EPOL,iShares MSCI Poland ETF	Equity	207.63M
EPP	, iShares MSCI Pacific ex Japan ETF	Equity	2.27B
EPRE,First Trust TCW ESG Premier Equity ETF	null	-
EPRF,Elkhorn S&P High Quality Preferred ETF	Fixed Income	128.21M
EPS	, WisdomTree Earnings 500 Fund	Equity	639.01M
EPU	, iShares MSCI All Peru ETF	Equity	135.75M
EPV	, ProShares UltraShort FTSE Europe	Equity	126.06M
EQAL,Invesco Russell 1000 Equal Weight ETF	Equity	629.63M
EQL	, ALPS Equal Sector Weight ETF	Equity	314.06M
EQOP,Natixis U.S. Equity Opportunities ETF	Equity	9.70M
EQRR,ProShares Equities for Rising Rates ETF	Equity	70.34M
EQUL,IQ Engender Equality ETF	Equity	5.67M
EQWL,Invesco Russell Top 200 Equal Weight ETF	Equity	154.89M
ERET,iShares Environmentally Aware Real Estate ETF	Equity	9.17M
ERM	, EquityCompass Risk Manager ETF	Asset Allocation	17.61M
ERSX,ERShares NextGen Entrepreneurs ETF	Equity	21.64M
ERTH,Invesco MSCI Sustainable Future ETF	Equity	337.46M
ERX	, Direxion Daily Energy Bull 2X Shares	Equity	572.25M
ERY	, Direxion Daily Energy Bear 2x Shares	Equity	36.87M
ESCR,Xtrackers Bloomberg Barclays US Investment Grade Corporate ESG ETF	Fixed Income	6.46M
ESEB,Xtrackers J.P. Morgan ESG Emerging Markets Sovereign ETF	Fixed Income	17.73M
ESG	, FlexShares STOXX US ESG Impact Index Fund	Equity	180.98M
ESGA,American Century Sustainable Equity ETF	Equity	112.16M
ESGB,IQ MacKay ESG Core Plus Bond ETF	Fixed Income	239.92M
ESGD,iShares MSCI EAFE ESG Optimized ETF	Equity	6.98B
ESGE,iShares MSCI EM ESG Optimized ETF	Equity	3.97B
ESGG,FlexShares STOXX Global ESG Impact Index Fund	Equity	159.47M
ESGN,Columbia Sustainable International Equity Income ETF	Equity	7.60M
ESGS,Columbia Sustainable U.S. Equity Income ETF	Equity	42.88M
ESGU,iShares MSCI USA ESG Optimized ETF	Equity	21.14B
ESGV,Vanguard ESG U.S. Stock ETF	Equity	5.95B
ESGY,American Century Sustainable Growth ETF	Equity	6.60M
ESHY,Xtrackers J.P. Morgan ESG USD High Yield Corporate Bond ETF	Fixed Income	19.06M
ESIX,SPDR S&P SmallCap 600 ESG ETF	Equity	3.00M
ESML,iShares MSCI USA Small-Cap ESG Optimized ETF	Equity	1.53B
ESMV,iShares ESG MSCI USA Min Vol Factor ETF	Equity	4.76M
ESPO,VanEck Vectors Video Gaming and eSports ETF	Equity	268.02M
ETHO,Etho Climate Leadership U.S. ETF	Equity	169.59M
ETPA,Ecofin Digital Payments Infrastructure Fund	Equity	6.30M
EUDG,WisdomTree Europe Quality Dividend Growth Fund	Equity	54.66M
EUDV,ProShares MSCI Europe Dividend Growers ETF	Equity	10.46M
EUFN,iShares MSCI Europe Financials ETF	Equity	1.34B
EUM	, ProShares Short MSCI Emerging Markets	Equity	68.05M
EUO	, ProShares UltraShort Euro	Currency	87.79M
EURL,Direxion Daily FTSE Europe Bull 3X Shares	Equity	26.38M
EUSA,iShares MSCI USA Equal Weighted ETF	Equity	433.89M
EUSB,iShares ESG Advanced Total USD Bond Market ETF	Fixed Income	784.19M
EUSC,WisdomTree Europe Hedged SmallCap Equity Fund	Equity	32.04M
EVAV,Direxion Daily Electric and Autonomous Vehicles Bull 2X Shares	Equity	2.65M
EVEN,Direxion Daily S&P 500 Equal Weight Bull 2X Shares	Equity	4.26M
EVMT,Invesco Electric Vehicle Metals Commodity Strategy No K-1 ETF	Commodity	22.23M
EVNT,AltShares Event-Driven ETF	Alternatives	3.08M
EVX	, VanEck Vectors Environmental Services ETF	Equity	76.10M
EWA	, iShares MSCI Australia ETF	Equity	1.69B
EWC	, iShares MSCI Canada ETF	Equity	3.88B
EWCO,Invesco S&P 500 Equal Weight Communication Services ETF	Equity	35.69M
EWD	, iShares MSCI Sweden ETF	Equity	425.02M
EWEB,Global X Emerging Markets Internet & E-commerce ETF	Equity	2.60M
EWG	, iShares MSCI Germany ETF	Equity	1.38B
EWGS,iShares MSCI Germany Small-Cap ETF	Equity	23.08M
EWH	, iShares MSCI Hong Kong ETF	Equity	728.82M
EWI	, iShares MSCI Italy ETF	Equity	231.19M
EWJ	, iShares MSCI Japan ETF	Equity	9.47B
EWJV,iShares MSCI Japan Value ETF	Equity	83.46M
EWK	, iShares MSCI Belgium ETF	Equity	15.58M
EWL	, iShares MSCI Switzerland ETF	Equity	1.36B
EWM	, iShares MSCI Malaysia ETF	Equity	242.67M
EWMC,Invesco S&P MidCap 400 Equal Weight ETF	Equity	163.65M
EWN	, iShares MSCI Netherlands ETF	Equity	333.10M
EWO	, iShares MSCI Austria ETF	Equity	47.60M
EWP	, iShares MSCI Spain ETF	Equity	491.93M
EWQ	, iShares MSCI France ETF	Equity	967.06M
EWRE,Invesco S&P 500 Equal Weight Real Estate ETF	Equity	119.80M
EWS	, iShares MSCI Singapore ETF	Equity	552.23M
EWSC,Invesco S&P SmallCap 600 Equal Weight ETF	Equity	52.35M
EWT	, iShares MSCI Taiwan ETF	Equity	3.46B
EWU	, iShares MSCI United Kingdom ETF	Equity	3.36B
EWUS,iShares MSCI United Kingdom Small-Cap ETF	Equity	50.65M
EWV	, ProShares UltraShort MSCI Japan	Equity	6.64M
EWW	, iShares MSCI Mexico ETF	Equity	859.89M
EWX	, SPDR S&P Emerging Markets Small Cap ETF	Equity	624.37M
EWY	, iShares MSCI South Korea ETF	Equity	3.06B
EWZ	, iShares MSCI Brazil ETF	Equity	5.46B
EWZS,iShares MSCI Brazil Small-Cap ETF	Equity	81.27M
EXI	, iShares Global Industrials ETF	Equity	293.53M
EYLD,Cambria Emerging Shareholder Yield ETF	Equity	110.73M
EZA	, iShares MSCI South Africa ETF	Equity	334.78M
EZJ , ProShares Ultra MSCI Japan	Equity	6.04M
EZM	, WisdomTree MidCap Earnings Fund	Equity	764.49M
EZU	, iShares MSCI Eurozone ETF	Equity	5.70B
FAAR,First Trust Alternative Absolute Return Strategy ETF	Alternatives	205.75M
FAB	, First Trust Multi Cap Value AlphaDEX Fund	Equity	203.84M
FAD	, First Trust Multi Cap Growth AlphaDEX Fund	Equity	168.22M
FAIL,Cambria Global Tail Risk ETF	Asset Allocation	5.13M
FALN,iShares U.S. Fallen Angels ETF	Fixed Income	1.77B
FAN	, First Trust Global Wind Energy ETF	Equity	284.33M
FAPR,FT Cboe Vest U.S. Equity Buffer ETF (April)	Equity	273.46M
FAS	, Direxion Daily Financial Bull 3X Shares	Equity	2.26B
FAUG,FT Cboe Vest U.S. Equity Buffer ETF (August)	Equity	283.31M
FAZ	, Direxion Daily Financial Bear 3X Shares	Equity	143.89M
FBCG,Fidelity Blue Chip Growth ETF	Equity	348.04M
FBCV,Fidelity Blue Chip Value ETF	Equity	118.87M
FBND,Fidelity Total Bond ETF	Fixed Income	2.37B
FBT	, First Trust NYSE Arca Biotechnology Index Fund	Equity	1.47B
FBZ	, First Trust Brazil AlphaDEX Fund	Equity	7.71M
FCA	, First Trust China AlphaDEX Fund	Equity	7.88M
FCAL,First Trust California Municipal High Income ETF	Fixed Income	121.45M
FCEF,First Trust CEF Income Opportunity ETF	Asset Allocation	26.39M
FCG	, First Trust Natural Gas ETF	Equity	1.00B
FCLD,Fidelity Cloud Computing ETF	Equity	3.09M
FCOM,Fidelity MSCI Telecommunication Services ETF	Equity	531.10M
FCOR,Fidelity Corporate Bond ETF	Fixed Income	148.65M
FCPI,Fidelity Stocks for Inflation ETF	Equity	270.68M
FCSH,Federated Hermes Short Duration Corporate ETF	Fixed Income	25.60M
FCTR,First Trust Lunt U.S. Factor Rotation ETF	Equity	324.93M
FCVT,First Trust SSI Strategic Convertible Securities ETF	Fixed Income	177.98M
FDD	, First Trust STOXX European Select Dividend Index Fund	Equity	188.36M
FDEC,FT Cboe Vest U.S. Equity Buffer ETF (December)	Equity	228.56M
FDEM,Fidelity Targeted Emerging Markets Factor ETF	Equity	21.90M
FDEV,Fidelity Targeted International Factor ETF	Equity	14.83M
FDG	, American Century Focused Dynamic Growth ETF	Equity	131.72M
FDHT,Fidelity Digital Health ETF	Equity	3.97M
FDHY,Fidelity High Yield Factor ETF	Fixed Income	258.45M
FDIG,Fidelity Crypto Industry and Digital Payments ETF	Equity	13.79M
FDIS,Fidelity MSCI Consumer Discretionary ETF	Equity	1.06B
FDL	, First Trust Morningstar Dividend Leaders Index Fund	Equity	4.09B
FDLO,Fidelity Low Volatility Factor ETF	Equity	470.76M
FDLS,Inspire Fidelis Multi Factor ETF	Equity	44.91M
FDM	, First Trust Dow Jones Select MicroCap Index Fund	Equity	157.00M
FDMO,Fidelity Momentum Factor ETF	Equity	109.92M
FDN	, First Trust Dow Jones Internet Index Fund	Equity	4.19B
FDNI,First Trust Dow Jones International Internet ETF	Equity	32.83M
FDRR,Fidelity Dividend ETF for Rising Rates	Equity	602.66M
FDRV,Fidelity Electric Vehicles and Future Transportation ETF	Equity	3.57M
FDT	, First Trust Developed Markets Ex-US AlphaDEX Fund	Equity	414.97M
FDTS,First Trust Developed Markets Ex-US Small Cap AlphaDEX Fund	Equity	7.77M
FDV	, U.S. Strategic Dividend ETF	Equity	5.20M
FDVV,Fidelity Core Dividend ETF	Equity	1.36B
FDWM,Fidelity Women's Leadership ETF	Equity	2.69M
FEBZ,TrueShares Structured Outcome (February) ETF	Equity	2.23M
FEDM,FlexShares ESG & Climate Developed Markets ex-US Core Index Fund ETF	Equity	19.48M
FEEM,FlexShares ESG & Climate Emerging Markets Core Index Fund	Equity	4.50M
FEHY,FlexShares ESG & Climate High Yield Corporate Core Index Fund ETF	Fixed Income	20.83M
FEIG,FlexShares ESG & Climate Investment Grade Corporate Core Index Fund ETF	Fixed Income	24.54M
FEM	, First Trust Emerging Markets AlphaDEX Fund	Equity	324.97M
FEMA,Procure Disaster Recovery Strategy ETF	Equity	744.80K
FEMB,First Trust Emerging Markets Local Currency Bond ETF	Fixed Income	125.16M
FEMS,First Trust Emerging Markets Small Cap AlphaDEX Fund	Equity	129.08M
FENY,Fidelity MSCI Energy Index ETF	Equity	1.69B
FEP	, First Trust Europe AlphaDEX Fund	Equity	277.50M
FEUS,FlexShares ESG & Climate US Large Cap Core Index Fund ETF	Equity	23.41M
FEUZ,First Trust Eurozone AlphaDEX Fund	Equity	18.07M
FEX	, First Trust Large Cap Core AlphaDEX Fund	Equity	1.15B
FEZ	, SPDR EURO STOXX 50 ETF	Equity	1.71B
FFEB,FT Cboe Vest U.S. Equity Buffer ETF (February)	Equity	260.05M
FFHG,FormulaFolios Hedged Growth ETF	Asset Allocation	26.16M
FFIU,Fieldstone UVA Unconstrained Medium-Term Fixed Income ETF	Fixed Income	68.76M
FFND,The Future Fund Active ETF	Equity	10.18M
FFSG,FormulaFolios Smart Growth ETF	Equity	28.28M
FFTG,FormulaFolios Tactical Growth ETF	Asset Allocation	27.98M
FFTI,FormulaFolios Tactical Income ETF	Fixed Income	99.51M
FFTY,Innovator IBD 50 Fund	Equity	98.11M
FGD	,st Trust Dow Jones Global Select Dividend Index Fund	Equity	562.18M
FGLD,Franklin Responsibly Sourced Gold ETF	Commodity	43.46M
FGM	,st Trust Germany AlphaDEX Fund	Equity	14.30M
FGRO,Fidelity Growth Opportunities ETF	Equity	59.75M
FHLC,Fidelity MSCI Health Care Index ETF	Equity	3.19B
FHYS,Federated Hermes Short Duration High Yield ETF	Fixed Income	35.33M
FIAX,Nicholas Fixed Income Alternative ETF	null	5.00M
FIBR,iShares Edge U.S. Fixed Income Balanced Risk ETF	Fixed Income	72.04M
FICS,First Trust International Developed Capital Strength ETF	Equity	22.69M
FID	,First Trust S&P International Dividend Aristocrats ETF	Equity	49.44M
FIDI,	Fidelity International High Dividend ETF	Equity	90.85M
FIDU,	Fidelity MSCI Industrials Index ETF	Equity	709.49M
FIG	,Simplify Macro Strategy ETF	Asset Allocation	23.25M
FIGB,	Fidelity Investment Grade Bond ETF	Fixed Income	8.54M
FILL,	iShares MSCI Global Energy Producers ETF	Equity	134.61M
FINX,	Global X FinTech ETF	Equity	502.96M
FISR,	SPDR SSGA Fixed Income Sector Rotation ETF	Fixed Income	127.67M
FITE,	SPDR Kensho Future Security ETF	Equity	31.56M
FIVA,	Fidelity International Value Factor ETF	Equity	42.14M
FIVG,	Defiance Next Gen Connectivity ETF	Equity	811.95M
FIVR,	Strategy Shares Nasdaq 5HANDL Index ETF	Asset Allocation	2.77M
FIW	,First Trust Water ETF	Equity	1.34B
FIXD,	First Trust TCW Opportunistic Fixed Income ETF	Fixed Income	3.20B
FJAN,	FT Cboe Vest U.S. Equity Buffer ETF (January)	Equity	179.28M
FJP	,First Trust Japan AlphaDEX Fund	Equity	32.01M
FJUL,	FT Cboe Vest U.S. Equity Buffer ETF (July)	Equity	224.38M
FJUN,	FT Cboe Vest U.S. Equity Buffer ETF (June)	Equity	320.09M
FKU	,First Trust United Kingdom AlphaDEX Fund	Equity	34.46M
FLAU,	Franklin FTSE Australia ETF	Equity	31.03M
FLAX,	Franklin FTSE Asia ex Japan ETF	Equity	33.89M
FLBL,	Franklin Senior Loan ETF	Fixed Income	220.94M
FLBR,	Franklin FTSE Brazil ETF	Equity	294.36M
FLCA,	Franklin FTSE Canada ETF	Equity	276.59M
FLCB,	Franklin U.S. Core Bond ETF	Fixed Income	1.49B
FLCH,	Franklin FTSE China ETF	Equity	103.08M
FLCO,	Franklin Investment Grade Corporate ETF	Fixed Income	602.97M
FLDR,	Fidelity Low Duration Bond Factor ETF	Fixed Income	207.12M
FLDZ,	RiverNorth Volition America Patriot ETF	Equity	3.48M
FLEE,	Franklin FTSE Europe ETF	Equity	44.88M
FLEH,	Franklin FTSE Europe Hedged ETF	Equity	16.34M
FLFR,	Franklin FTSE France ETF	Equity	8.24M
FLGB,	Franklin FTSE United Kingdom ETF	Equity	461.46M
FLGR,	Franklin FTSE Germany ETF	Equity	16.84M
FLGV,	Franklin U.S. Treasury Bond ETF	Fixed Income	381.69M
FLHK,	Franklin FTSE Hong Kong ETF	Equity	12.44M
FLHY,	Franklin High Yield Corporate ETF	Fixed Income	198.27M
FLIA,	Franklin International Aggregate Bond ETF	Fixed Income	190.63M
FLIN,	Franklin FTSE India ETF	Equity	60.31M
FLIY,	Franklin FTSE Italy ETF	Equity	3.45M
FLJH,	Franklin FTSE Japan Hedged ETF	Equity	31.46M
FLJP,	Franklin FTSE Japan ETF	Equity	792.74M
FLKR,	Franklin FTSE South Korea ETF	Equity	59.42M
FLLA,	Franklin FTSE Latin America ETF	Equity	66.97M
FLLV,	Franklin U.S. Low Volatility ETF	Equity	135.47M
FLMB,	Franklin Liberty Municipal Bond ETF	Fixed Income	105.62M
FLMI,	Franklin Liberty Intermediate Municipal Opportunities ETF	Fixed Income	92.80M
FLMX,	Franklin FTSE Mexico ETF	Equity	12.14M
FLN	,First Trust Latin America AlphaDEX Fund	Equity	47.22M
FLOT,	iShares Floating Rate Bond ETF	Fixed Income	9.15B
FLQL,	Franklin LibertyQ U.S. Equity ETF	Equity	985.10M
FLQM,	Franklin U.S. Mid Cap Equity ETF	Equity	118.69M
FLQS,	Franklin U.S. Small Cap Equity ETF	Equity	15.72M
FLRG,	Fidelity U.S. Multifactor ETF	Equity	20.06M
FLRN,	SPDR Bloomberg Barclays Investment Grade Floating Rate ETF	Fixed Income	3.10B
FLRT,	AdvisorShares Pacific Asset Enhanced Floating Rate ETF	Fixed Income	76.19M
FLSA,	Franklin FTSE Saudi Arabia ETF	Equity	5.19M
FLSP,	Franklin Systematic Style Premia ETF	Alternatives	101.27M
FLSW,	Franklin FTSE Switzerland ETF	Equity	54.11M
FLTB,	Fidelity Limited Term Bond ETF	Fixed Income	235.17M
FLTN,	Rareview Inflation/Deflation ETF	Fixed Income	-
FLTR,	VanEck Vectors Investment Grade Floating Rate ETF	Fixed Income	1.13B
FLTW,	Franklin FTSE Taiwan ETF	Equity	32.44M
FLUD,	Franklin Ultra Short Bond ETF	Fixed Income	2.44M
FLV	,American Century Focused Large Cap Value ETF	Equity	236.00M
FLZA,	Franklin FTSE South Africa ETF	Equity	3.40M
FM	,iShares MSCI Frontier 100 ETF	Equity	328.30M
FMAG,	Fidelity Magellan ETF	Equity	44.47M
FMAR,	FT Cboe Vest U.S. Equity Buffer ETF - March	Equity	193.73M
FMAT,	Fidelity MSCI Materials Index ETF	Equity	461.23M
FMAY,	FT Cboe Vest U.S. Equity Buffer ETF (May)	Equity	367.83M
FMB	,First Trust Managed Municipal ETF	Fixed Income	1.82B
FMCX,	FMC Excelsior Focus Equity ETF	Equity	72.97M
FMET,	Fidelity Metaverse ETF	Equity	10.27M
FMF	,First Trust Morningstar Managed Futures Strategy Fund	Alternatives	202.86M
FMHI,	First Trust Municipal High Income ETF	Fixed Income	293.00M
FMIL,	Fidelity New Millennium ETF	Equity	59.57M
FMNY,	First Trust New York Municipal High Income ETF	Fixed Income	10.53M
FMQQ,	The Next Frontier Internet & Ecommerce ETF	Equity	14.91M
FNCL,	Fidelity MSCI Financials Index ETF	Equity	1.64B
FNDA,	Schwab Fundamental U.S. Small Company Index ETF	Equity	5.99B
FNDB,	Schwab Fundamental U.S. Broad Market Index ETF	Equity	477.96M
FNDC,	Schwab Fundamental International Small Company Index ETF	Equity	2.70B
FNDE,	Schwab Fundamental Emerging Markets Large Company Index ETF	Equity	4.52B
FNDF,	Schwab Fundamental International Large Company Index ETF	Equity	8.51B
FNDX,	Schwab Fundamental U.S. Large Company Index ETF	Equity	10.26B
FNGG,	Direxion Daily Select Large Caps & FANGs Bull 2X Shares	Equity	12.11M
FNI	,First Trust Chindia ETF	Equity	119.56M
FNK	,First Trust Mid Cap Value AlphaDEX Fund	Equity	246.62M
FNOV,	FT Cboe Vest U.S. Equity Buffer ETF (November)	Equity	310.98M
FNTC,	Direxion Daily FinTech Bull 2X Shares	Equity	2.98M
FNX	,First Trust Mid Cap Core AlphaDEX Fund	Equity	999.81M
FNY	,First Trust Mid Cap Growth AlphaDEX Fund	Equity	273.83M
FOCT,	FT Cboe Vest U.S. Equity Buffer ETF (October)	Equity	255.85M
FOMO,	AXS FOMO ETF	Asset Allocation	5.36M
FORH,	Formidable ETF	Alternatives	28.60M
FOVL,	iShares Focused Value Factor ETF	Equity	24.39M
FPA	,First Trust Asia Pacific Ex-Japan AlphaDEX Fund	Equity	13.13M
FPAG,	FPA Global Equity ETF	Equity	-
FPE	,First Trust Preferred Securities and Income ETF	Fixed Income	6.20B
FPEI,	First Trust Institutional Preferred Securities and Income ETF	Fixed Income	653.00M
FPFD,	Fidelity Preferred Securities & Income ETF	Fixed Income	32.38M
FPRO,	Fidelity Real Estate Investment ETF	Equity	18.08M
FPX	,First Trust US Equity Opportunities ETF	Equity	939.54M
FPXE,	First Trust IPOX Europe Equity Opportunities ETF	Equity	6.19M
FPXI,	First Trust International IPO ETF	Equity	330.91M
FQAL,	Fidelity Quality Factor ETF	Equity	260.42M
FRDM,	Freedom 100 Emerging Markets ETF	Equity	262.71M
FREL,	Fidelity MSCI Real Estate Index ETF	Equity	1.55B
FRI	,First Trust S&P REIT Index Fund	Equity	164.06M
FRNW,	Fidelity Clean Energy ETF	Equity	4.70M
FRTY,	Alger Mid Cap 40 ETF	Equity	30.58M
FSBD,	Fidelity Sustainable Core Plus Bond ETF	Fixed Income	11.82M
FSEC,	Fidelity Investment Grade Securitized ETF	Fixed Income	3.43M
FSEP,	FT Cboe Vest U.S. Equity Buffer ETF (September)	Equity	242.62M
FSIG,	First Trust Limited Duration Investment Grade Corporate ETF	Fixed Income	15.91M
FSLD,	Fidelity Sustainable Low Duration Bond ETF	Fixed Income	4.98M
FSMB,	First Trust Short Duration Managed Municipal ETF	Fixed Income	388.36M
FSMD,	Fidelity Small-Mid Factor ETF	Equity	79.58M
FSMO,	Fidelity Small-Mid Cap Opportunities ETF	Equity	28.26M
FSST,	Fidelity Sustainability U.S. Equity ETF	Equity	7.35M
FSTA,	Fidelity MSCI Consumer Staples Index ETF	Equity	1.13B
FSYD,	Fidelity Sustainable High Yield ETF	Fixed Income	8.90M
FSZ	,First Trust Switzerland AlphaDEX Fund	Equity	35.59M
FTA	,First Trust Large Cap Value AlphaDEX Fund	Equity	1.27B
FTAG,	First Trust Indxx Global Agriculture ETF	Equity	25.93M
FTC	,First Trust Large Cap Growth AlphaDEX Fund	Equity	950.33M
FTCS,	First Trust Capital Strength ETF	Equity	8.88B
FTDS,	First Trust Dividend Strength ETF	Equity	17.98M
FTEC,	Fidelity MSCI Information Technology Index ETF	Equity	5.40B
FTGC,	First Trust Global Tactical Commodity Strategy Fund	Commodity	4.12B
FTGS,	First Trust Growth Strength ETF	Equity	1.11M
FTHI,	First Trust High Income ETF	Equity	87.19M
FTLS,	First Trust Long/Short Equity ETF	Alternatives	544.17M
FTQI,	First Trust Nasdaq BuyWrite Income ETF	Equity	31.12M
FTRI,	First Trust Indxx Global Natural Resources Income ETF	Equity	241.54M
FTSD,	Franklin Short Duration U.S. Government ETF	Fixed Income	233.19M
FTSL,	First Trust Senior Loan Fund	Fixed Income	2.95B
FTSM,	First Trust Enhanced Short Maturity ETF	Fixed Income	6.93B
FTXG,	First Trust Nasdaq Food & Beverage ETF	Equity	924.00M
FTXH,	First Trust Nasdaq Pharmaceuticals ETF	Equity	45.52M
FTXL,	First Trust Nasdaq Semiconductor ETF	Equity	79.81M
FTXN,	First Trust Nasdaq Oil & Gas ETF	Equity	1.21B
FTXO,	First Trust Nasdaq Bank ETF	Equity	220.82M
FTXR,	First Trust Nasdaq Transportation ETF	Equity	74.68M
FUMB,	First Trust Ultra Short Duration Municipal ETF	Fixed Income	328.15M
FUNL,	CornerCap Fundametrics Large Cap ETF	Equity	144.77M
FUTY,	Fidelity MSCI Utilities Index ETF	Equity	2.15B